{"cameraMode":{"drawMode":0,"name":"Shaded","section":"Shading Mode"},"sceneLighting":false,"audioPlay":false,"sceneViewState":{"m_AlwaysRefresh":false,"showFog":true,"showSkybox":false,"showFlares":true,"showImageEffects":true,"showParticleSystems":true,"showVisualEffectGraphs":true,"m_FxEnabled":true},"in2DMode":false,"pivot":{"x":-0.24994710087776185,"y":0.3831244707107544,"z":-20.83942413330078},"rotation":{"x":-0.5455265641212463,"y":-0.002386097563430667,"z":0.0017691069515421987,"w":-0.8382880091667175},"size":0.6098392009735107,"orthographic":false}